theta_fz,beta_fz,alpha_c3,alpha_c4,faa_c3c4,alpha_pz,alpha_po,alpha_oz,eda_norm
304465.076362157,100361.16128908271,630807.3635456291,1655290.9088968388,0.9647315197677653,1732994.649376622,985791.5989411278,1222667.4981577569,1.6352751932144165
214347.9817848137,117455.11710894165,575508.8064423511,1400750.674111539,0.8895090374052241,1379044.173092229,861347.9661439611,1006290.2870890397,1.6302055959701538
168699.190529725,67956.07229995531,747779.3680653556,2062411.0014549848,1.014522994483082,2169393.2699631546,1237251.8342619564,1532741.260249043,1.6227647895812987
151752.63196475062,95921.97776626964,1367945.4204496704,3863956.353736176,1.0383816995972115,4087400.91098645,2311743.3421065575,2860626.854753463,1.6145740032196045
126621.62680471461,44056.96832478626,258784.9623895256,714627.3691756467,1.0157637890521265,762330.1835164337,438292.73008295946,538870.6154403494,1.606192000389099
177420.89657816797,119013.0309011609,354561.25519548095,891930.2566128875,0.9225068176071574,928100.7417163235,538527.131538872,657301.1382766521,1.5995887937545779
172803.71278067608,162172.15288029567,706327.7760885196,1659270.1907670612,0.8540537387301796,1654795.1739571686,995758.3312038496,1202892.6389351552,1.5973095874786378
175233.063821494,87713.7776801432,642789.2165976469,1349935.486961741,0.7419952248048283,1291472.3520310535,828063.8009314546,951324.9321110278,1.5940011940002443
93666.00931105335,87474.13116212982,929379.786611189,1917568.82889017,0.7242959601597558,1878420.8384304857,1130115.5913029606,1354232.3200347733,1.590115595817566
306481.48769911623,114158.48974304734,358307.58141222195,1132346.680023855,1.150655682830001,1213454.6325906496,706972.7487734549,849081.3701269302,1.584435606956482
225685.53440492606,93703.84613698183,1028953.421698453,2909148.704503938,1.0393183067490064,2987156.6141029787,1756826.1880130332,2100807.815339975,1.5772124090194701
192104.268030347,235858.22876515568,1002787.4137637236,3423243.9062503586,1.227805075992075,2232309.615580678,1324304.3473751885,2019723.7838553814,1.569035604476929
434173.2360408427,106662.16221854227,157381.0666445099,427389.10202764045,0.9990248036686182,286185.59332969453,177297.9323429242,200795.86209771375,1.5608183975219725
96795.91345461737,67070.74864277433,353043.8362895462,1375662.2885260114,1.3600983271734552,1779620.0692633837,789332.5320866001,1116733.0252346173,1.5522188110351562
227996.05865495704,95641.00601758694,633630.711092121,1779259.1589072314,1.0324860436736873,2026591.393119019,998966.2838107521,1320976.7392312917,1.543167607307434
259006.44418081822,97950.42597558239,1705386.1686630072,4432465.8111667195,0.9551644687451901,4948280.10711175,2633105.562088587,3194305.4715815666,1.5345219955444338
95299.51810710924,110266.65939977359,460040.2352010028,1197167.9540649797,0.9564000547308318,1379088.0162401292,682490.7818251261,894406.8883139353,1.5257655963897707
372864.1520934362,101330.07249918468,544512.3659987687,1189379.3032442732,0.7812962032590942,1249473.7950555857,669257.7052090752,848187.211345742,1.5169699974060058
377671.58301135007,160624.4009423164,486408.320661067,1198271.2915156824,0.9015867695965962,1400715.3585398744,720811.027663125,899124.8626311389,1.5083423843383787
264835.77333129506,108665.52275305081,796823.1755558957,1376789.278249673,0.5468766657894442,1388532.7732926838,810943.1437893421,947714.369901754,1.5009063920974732
215349.7073645444,65871.99018847194,1237886.6273772835,2680147.548139495,0.7724662554539261,3127221.348736508,1687920.8607923535,2036537.626229024,1.4940268068313598
242534.58194099518,61502.9800300379,244102.73635425785,452397.5956191682,0.6169722421960362,506763.1612700356,284520.48659474624,336751.6203394512,1.4871292047500608
15120.656383013375,18805.732314997498,205470.27260125065,538797.7953925842,0.9640389882313247,729343.2827771248,373309.8370413191,455111.4926737774,1.4801908063888551
193825.65293151198,175373.4326688522,471380.6623885024,731904.4018785137,0.43998393890739784,738314.4440075206,454121.75386520795,513975.06423459883,1.4741851959228516
285489.45666764793,83549.1439730301,378242.432449211,1041292.6070780947,1.0126827660818378,1389663.5267411983,663107.5706464284,856341.5207504868,1.4702219982147215
184034.555372096,89222.21289854964,666417.06674191,1753257.101249715,0.9673148368620375,2046210.4902288076,1028291.7630009695,1306816.0199494222,1.4655148000717162
10553.031768755465,135548.4543532456,495109.1118554589,1086874.739047669,0.7862834787455188,1179401.7809515118,647532.2097606852,781980.2638389298,1.4588676061630248
100031.40162346156,60259.93079697284,284167.1290632987,839141.6510096256,1.0828169776721648,1003564.489846056,489291.3025606526,638167.9827193714,1.4519087982177736
32957.33073215689,22537.75764501682,353919.7336739776,1108227.9409316862,1.1414474226215177,1317741.8798954375,679338.2748623572,849806.5917961275,1.4454628000259397
27959.755091305553,35282.999997181905,810557.6630610691,2449989.4788604104,1.1061165254942242,2917037.4148894222,1450321.1605554272,1855557.4272768297,1.439224802017212
100289.60005322566,40127.98345927285,41299.63142876194,76497.39642401774,0.6164031308961366,83529.37400392148,43714.36174969927,55437.97678388324,1.4332628107070922
119178.379390935,56929.83528993019,595006.1040027095,1455281.4337514653,0.8943829218389769,1600388.2179073375,861736.4966212641,1063755.5094305542,1.4301840085983275
292365.237974779,76334.95899087127,862847.685046612,1647141.1448173032,0.6465582438592765,1644511.6128826053,965966.6717194598,1129716.4336216103,1.4320944032669067
172191.87680605365,186278.8266457674,679064.8353068319,1389290.7244317723,0.7158320162387426,1436274.4007999324,812859.3296774245,975928.4115871035,1.434409999847412
196982.95290128788,163565.20121239533,499475.52986531035,1290143.651910153,0.9489502415957851,1466750.9347396586,776944.4213542358,956659.5219014524,1.4348816051483153
144746.8069659265,63028.88181137016,578167.9412884075,1345837.3997125314,0.8449073179849602,1409623.2778525865,809872.6082907782,962032.5487510363,1.436486388206482
149389.01342300975,155164.7697002829,301766.2358843152,795856.982694349,0.9697668354421172,929651.2346437708,471609.60677266144,600337.9232002632,1.433835196495056
157405.93150746071,94232.11958539936,734180.4277646139,1937528.5285389994,0.9704136727260018,2145744.13964916,1171120.6670115362,1421751.646253975,1.4312788047790526
25189.082355386152,71101.80458677864,257332.4814105993,904381.7800766684,1.256882643561898,1144280.1279545103,556619.7768769757,716961.1466002604,1.425016798019409
91523.08836822034,40485.588824638085,300917.03473122144,1075644.9313271854,1.2738411021571512,1325364.4614123516,648265.2579163391,840046.0919402341,1.4185703973770143
566421.5265245124,96074.02435550022,819736.7056595449,2555108.6700893417,1.1368668360193528,2967082.8240476334,1529956.7964626472,1929789.9968420237,1.4145555953979492
156145.57139773137,64292.67437991901,746303.2870975534,1949328.0750222646,0.9601079466124869,2125402.212065179,1170378.9063179232,1423500.4356048496,1.4118671913146974
231907.0198620391,68574.47771036963,798576.4277154771,2191431.957497761,1.0094797938240632,2436247.117341415,1329981.1849853965,1628416.0858072285,1.408962803840637
147815.7582595299,45770.51841511795,99912.45604979176,467512.14856177184,1.5431309715543584,613112.9421399417,296755.2789559471,383240.62749416236,1.402505193710327
292234.1894105113,118929.64965022777,751757.6401202078,1509404.6111323666,0.6970565698600151,1560097.7502209586,876541.216725636,1071338.0607124458,1.3957360010147095
277787.7606615405,116471.4744693781,1023350.982331094,3385464.0632001325,1.196408471610809,3994194.1229115687,2022552.2943978636,2583378.729001039,1.3902495956420897
71318.06341699115,36055.14615854532,942026.1050489648,3004595.1431748685,1.1598651236052877,3440523.4392178897,1812826.0689302536,2265314.763630766,1.385191997528076
45699.8990671123,40157.83461726883,314333.7441484609,1136477.6766083082,1.2852336999665273,1379954.3722105958,699178.9738674781,888044.5672495392,1.3800871963500976
139302.03356167697,145239.97371822392,1024251.4290385426,2369419.6684266487,0.8386830268710881,2507531.7507216437,1391183.0310389462,1706425.2844280375,1.3734791955947876
192137.32810172322,67404.27824523956,209112.9258213151,454379.01300830516,0.7760572591972252,475232.08036029537,263776.0092817333,325090.3381770964,1.3673816022872924
108774.60049130663,220526.93755735457,507208.42047980137,904994.0830220904,0.5790064007038467,876595.6471182161,530416.9940081931,626504.0076927243,1.3612411890029907
316531.953056787,164360.81790688468,480640.6361116248,1183121.6108332246,0.900791784767776,1287730.148243417,699334.2107516157,860840.4495351571,1.3584583911895751
348003.20585712756,172160.2828197482,548522.1052555816,1289801.3317374405,0.8550158989008239,1339966.9544668787,782776.8026344477,927823.4117431836,1.3537535943984986
126539.49302517707,88790.28703058619,1079217.484034705,2910875.032496469,0.9922175077331907,3263309.6974552395,1701954.114955951,2152673.073466309,1.3484560050964354
76605.20426012506,117729.12197440895,1059134.2565775556,2668853.4848132934,0.9241971384207179,2888125.8825051924,1589982.864633074,1954306.2920322223,1.3419336013793943
151186.11012609987,62296.62296477618,1015172.3996598863,2712933.256230174,0.9829719819586931,3054112.5126864184,1614419.4001416287,2021199.6089126847,1.335259202003479
478095.9041430097,138174.06537031787,1114120.8372658417,2833713.3572438206,0.9335223847843039,3107125.6298515256,1674521.7171996515,2079034.3490427176,1.3273652057647705
156553.55630863112,137259.69864109016,164962.71150020114,345315.86956196494,0.7387401046531146,376689.761392658,214219.1843226201,255444.45586059746,1.3192000093460083
380338.7568558216,81761.23149132784,560542.1659398748,1172211.860453877,0.73774325327072,1184880.4342588214,700491.8895198011,826437.8785403024,1.3104504041671752
42574.4088180961,50414.42840996353,130348.79886907124,403589.93463909463,1.1301854235396505,480687.7487443852,252115.63439948123,313223.39210260153,1.3033508081436156
131369.4258038135,89566.19166654162,1460748.3704188168,3345652.0863317694,0.8287127313047318,3459046.5344931437,2008076.4338321805,2396911.2284881053,1.2974904136657717
342880.3023486882,144016.871168471,1103532.2991954356,2712801.238399751,0.899465552271451,2889794.0151800606,1619851.5459508523,1972150.4313709172,1.2921295957565309
126061.64536633823,35584.77450561403,122733.70385921377,439469.31583107496,1.2755508995269071,571635.1647178475,267221.8721631828,352394.37319783214,1.287728009223938
116576.22383344435,93541.6335071311,622704.8168025289,1578287.552827743,0.9300231137326023,1761785.669984904,954897.332247535,1180883.952074796,1.2851160078048705
315240.0215553303,93241.23262015368,892122.2572299452,2270248.5657855687,0.934041421963764,2449516.3627748904,1354403.2028596657,1664985.6707493546,1.2819232053756715
127524.54234626838,74072.35406870875,1494717.6124063304,3678553.3935260708,0.9005822743330949,3966080.1394129526,2203124.0099275014,2696489.727352822,1.2765295991897583
126196.9198751896,35893.56270016703,737154.9449909591,2245472.2486410686,1.1138730262674095,2516779.9546460644,1390597.417622535,1705227.6191873048,1.2650779972076416
189890.83533932097,170452.21793237043,776951.3396772961,1644341.085479174,0.7497173045071754,1634232.530679972,985212.393114002,1166156.2712727361,1.2653323945999144
193167.0844925472,56193.10748391178,573711.6277617204,1835071.2914838146,1.1627117312587654,2136059.5670639607,1115217.482435331,1407997.1543144817,1.2625135984420774
136936.74363159796,129627.80930058552,732237.1654517082,2093435.942871531,1.0504575288836335,2342115.850823907,1308205.0721273879,1591062.114456701,1.2606912021636965
241791.24316769454,120915.80659522419,797245.0486668932,2137953.8769853823,0.9864424230242044,2351265.8020278434,1291351.5878187995,1593852.4116914233,1.2780912027359008
147942.55145137227,90601.953077938,1640138.969990709,3753278.1058779503,0.8278486436477905,3690681.8515872057,2252452.1429947973,2667447.2587427204,1.3164896011352538
146239.6404867385,70319.85911864993,522094.08960347006,1220866.5908877063,0.8494683860465386,1261960.1051254873,748768.5500238715,892565.9165181222,1.366376399040222
72839.19514024703,41804.196289472005,47447.37563028773,138474.95286303313,1.0710682480997686,166109.35806352523,90215.70331382111,110029.59149252404,1.410958797454834
81892.21475214692,136255.1917339862,712280.5148484677,2518716.709876326,1.2630329933347095,2955640.559274461,1557113.7651616605,1958518.4343504356,1.4613708076477052
218970.27900986336,67089.11919842986,796786.8684305549,2591009.919535239,1.1792157832617427,2944436.229483992,1594668.983572518,1985360.3152092998,1.4983224029541016
146261.25209953135,61877.728584625285,163413.61234142847,558064.4272989103,1.2281899310061384,655544.793948805,349140.74209978955,438837.45737339417,1.5312376041412352
141639.0947390447,97183.86820091627,986323.5848975079,2689359.982197722,1.003074039280925,2949401.7475691913,1636007.9661306075,2013489.032251317,1.5579448051452638
301317.42006873264,101614.41551114067,260505.60220904066,295233.8030573148,0.12514322860929816,223888.90475029923,174229.79297991126,184715.22846860104,1.5713864040374754
84055.68624823415,46396.49391445878,771260.8167240741,3014303.300521647,1.3630974046409818,3533277.880580089,1868597.3160141828,2351483.212997943,1.5939487981796265
86187.91845744706,36764.859920168776,199488.37676907517,643324.1323094582,1.1708927181953737,789585.4052226645,406218.9294654449,513354.6377167298,1.6143188056945799
119322.17094308976,145738.90968064417,355970.1042730243,1041636.109837174,1.073701187951178,1205036.042237683,644884.8033658196,804561.9072005167,1.6320891942977904
162027.1642179541,106457.86451977902,492593.5353796104,929270.9302833917,0.6347159706369361,841921.6948190248,560780.7630969763,640009.3092572652,1.6497348098754885
83525.92943706771,78660.2410825275,208091.9568111225,695749.679825398,1.2070098581622286,785312.90375628,433682.2530559593,534608.4359685006,1.6543328046798706
90313.28978717633,44590.100916107156,257982.9093887122,795942.320238407,1.1266333811587437,927139.5685569344,545311.3978577566,635586.7217968382,1.6551435861587525
122508.0063186197,219848.7981004814,1477532.4325100905,4055902.4678121,1.0097997986076948,4367969.405954836,2446994.757535159,2814960.4568039817,1.6604779911041263
178289.41026189277,98391.71409422658,1265932.5862134707,3252436.010238438,0.9435951843196975,3175936.374606165,1794740.9100083788,2667419.41083998,1.6731892023086552
372833.6252635482,99958.57102862283,298590.67258554127,677229.0419815419,0.8189358872603858,766779.7924933103,334353.7127947055,820670.8353492556,1.6873356056213382
709075.7336869636,155689.16018470406,1586916.857147753,1779852.7690959338,0.11473759667108929,2796465.4520918233,1263784.3350866865,1733318.8801798085,1.695611207962036
440928.1646280891,300127.25777942117,1748010.0332437642,2685128.991445445,0.42925075125471146,2177036.7133336766,1514345.5337814013,1985424.9404039888,1.708218395233154
76468.69918421449,204559.06846932485,2772340.2452081325,6136860.499688176,0.7946214747448899,3976229.757904921,2573362.5943712136,3409086.282546687,1.7231347942352293
253942.25012072478,155508.81410236974,280556.45998505736,995236.0014133728,1.2662049083070581,809482.8921720885,407026.0512912849,561268.735002432,1.7343756046295167
253978.26356924122,96868.85654944748,560069.0885235638,1062635.075723053,0.6404468743275462,1193158.6157625702,662722.6190355527,778741.6669684404,1.7404431962966918
25504.68491273776,17124.57911863799,216559.0274098679,333838.00841005315,0.43279271635608296,963422.2304567074,435557.60539142264,316382.0621678139,1.7508044004440309
76276.91846602311,62054.4205417712,412803.5983140669,623114.0603035201,0.4117576534036136,1135556.140698942,609878.629356151,347219.21047004627,1.7642308053970335
322421.3020664805,111072.81095123885,560685.006714307,1083506.7376725546,0.6587987769174184,1188478.4794258233,685119.679666851,787469.3200503216,1.7720576009750366
59935.84722280332,80522.33519418072,653200.4652037732,1399937.4541033653,0.762298765676908,1892463.8710514638,1011117.9682986818,960973.4555897595,1.7830083932876586
128651.80518638497,63390.38741834577,420493.78191532294,894537.8905334165,0.7548775695635008,1010583.6792837043,577806.4046266827,635600.9917959198,1.7887828016281127
294623.6244178191,90253.07269758552,985257.1471105176,2082013.4576219667,0.7481880427919698,2401844.6704753153,1289241.489339339,1555978.5328560502,1.80228759765625
213432.88541490748,77855.87073867538,1189517.041831257,2201541.024321307,0.6156102032087833,2613706.4200667725,1471430.573081436,1675150.4365279288,1.8193356056213374
166010.3417007746,63788.161454128174,998618.6203490873,2084978.726900803,0.7361409869087829,2790800.9173672227,1446246.4140914534,1719539.8138013144,1.825896405220032
79910.05260161185,48537.49474903956,708185.6979912271,1774829.5559899195,0.9187533279031328,2411378.0533283427,1228241.9637545194,1521542.9840514392,1.8246008195877077
492476.91538828646,100450.01692374416,739877.1682088723,1639907.4570627175,0.7959109070921855,2126311.4906154172,1099594.3813545783,1355773.330726257,1.828255599975586
228470.52969429438,63575.597051927136,366376.374108792,626008.6455079399,0.5357030321434273,733669.226226357,440100.4721107868,471954.4216089952,1.8367579832077028
140005.8566723438,57318.95305830265,463567.9653129429,1138549.6724177082,0.8985575050203423,1677152.8860622041,858542.6413489052,1012643.7209245859,1.8350971889495853
65179.440083447786,29695.368760120327,240202.93829606316,389442.102106868,0.4832310652754259,402062.5254653754,250083.97941893034,277841.01267564925,1.8328071994781496
18.27655101687045,12.996638801479147,11.982909308804098,80.10571024829447,1.8998657294658345,34.83836680439393,26.736477661615638,20.584333938692616,1.8309864072799684
45.0479243763922,4.454086021846797,30.581781106387787,95.96156342791981,1.143543287148054,48.49054422898545,49.64105493995201,56.85414425684737,1.8288596019744872
2.05768232684634,10.2274313071712,6.508278139349874,24.070849428454753,1.3079266134625223,17.021943550503956,16.840903123265637,12.389395049911974,1.828884793281555
8698.749647513758,3088.5189245061874,37991.72674328325,73900.27365795262,0.6653481122912641,87938.78521632876,50842.36711506039,57074.91623302746,1.831594392776489
255831.45485081055,151363.4974084382,572480.1813590266,1236708.5822933689,0.7702306432810389,1645636.8404320541,888829.3310021244,1026788.936944667,1.8349907922744753
162476.02772304424,159125.70083918853,366119.5208810907,701917.7850156276,0.6508564419281786,890203.4055738912,488483.8026744422,566346.0400642399,1.8355499982833863
41449.29565610586,11653.769218722426,497500.2920914967,1192775.29295652,0.8744419060351252,1659230.0923031946,878380.6799731853,1028679.7256815287,1.8344015893936159
142582.58537527602,161847.83652757274,859701.3905398413,1581421.7676087902,0.6094944656629284,1842481.3805705202,1059403.9280544713,1206719.3617531308,1.8346895904541014
129556.96620058494,73914.74891965426,748269.9640480797,1408331.8726578269,0.6323973865932953,1671003.455517502,959273.0100174914,1083180.7746214075,1.8337259912490844
13531.936031769488,46407.14300525755,659636.77775523,1549688.6703692393,0.8541199851172241,2108204.914538209,1098408.5151385078,1309897.206355725,1.8323995990753175
322559.34023549524,190367.57438719113,1371645.4285613433,2666002.825457775,0.6645692196568849,3206796.6660215664,1797959.122258882,2064387.3366134954,1.827848798751831
191656.40901453324,138384.5646163097,1224728.6486864085,2770954.8104175245,0.8164726495235044,3270140.9488716726,1795115.3953717216,2122148.719180358,1.823168409347534
216353.03143382532,143421.39744878636,1031179.9125384092,2060558.6415364812,0.6922734384913003,2224383.531062259,1276498.8775663865,1488231.6767840907,1.821954411506653
163965.9588632699,126305.71293129153,392999.00192957436,1022684.1229749413,0.9563788708285408,1211157.9374692335,663817.6168778478,786092.0251596194,1.8196227979660033
32327.74800231205,31791.301341413913,187388.35436324638,456297.8583663987,0.8899625697775875,597814.8558277856,300136.246914571,367312.7970498225,1.8149552049636841
153050.34652002726,84901.99103607524,194607.25386354007,597785.9284568027,1.1222492658710408,845884.3961111424,396721.06369226467,508888.36800779286,1.810670003890991
34261.367244686546,15475.924871631698,82537.14835475119,299408.6161404123,1.288560774513929,445558.25302172935,209183.05118995358,263574.4860355191,1.80704878616333
174561.5948804516,85147.08962460497,153864.7712003859,358047.3870780526,0.8445912362192551,415773.5068774756,224106.86004630796,268799.6088243152,1.8092335863113402
120453.9707572741,58862.51093678336,456014.16099887487,1186051.3867467653,0.9558610425444805,1469051.4933112774,766966.469691918,937591.8063019288,1.8077592039108275
353190.33912283776,83053.93523924111,417089.2406612321,1003546.2468514978,0.8779950474419849,1155629.9095444677,647555.6290996375,752936.3010409281,1.802962000846863
241076.88131311964,79850.8527987577,567909.2315641559,1108798.4563010973,0.6690706338428551,1194075.0635866881,690535.2972759893,791418.3809986328,1.7965240001678466
179027.56616080325,43657.12365858482,665820.8608835319,1637416.5813955837,0.899854366845533,1933899.0263552226,1049837.1130923638,1249507.4678324622,1.7946751947402952
19770.966522600105,27957.793209555406,1694241.9061562007,5147322.977438874,1.111241381541669,6625025.447059665,3346557.484835053,4110760.0748547697,1.7901564035415654
130030.68438064051,88513.64065970012,1215213.203978092,3221419.931684797,0.9749026970059127,4007199.275694601,2090001.6121458518,2534003.805418359,1.7823191995620729
368478.42139062885,95449.35970262327,629966.0771700222,1616055.4478823673,0.9420775781268169,1905905.6668779103,1044340.4546606855,1226893.0757573748,1.7738719940185548
86362.9205831409,227901.43860193132,1797187.741341185,3918660.306489286,0.7795267596267657,4133047.4392564674,2279906.1892890306,2800371.434461543,1.7653647928237917
277348.50107745803,80013.3168979348,636154.4182263252,1515064.6006009209,0.8677720278717516,1522147.160694222,870143.7448951909,1050090.9637351907,1.7572776021957395
202931.4220955518,96137.2195667903,1095820.890538344,2672097.6292781746,0.8913600387809151,2870295.042290419,1586115.6327002877,1964212.0578337908,1.7502887954711916
79830.13920417837,75575.53731072812,2840413.5334254215,6960006.51007516,0.896230757767496,7407005.226685222,4006601.1488812757,4877213.801022642,1.7446427965164184
240603.04730166835,105779.68154055902,741378.9143225653,1762986.9396222273,0.866252924369002,1926454.4577615962,1026296.91710557,1261224.958209241,1.74228959941864
167672.40742315192,59624.00361656636,264617.0321872554,621541.0008157378,0.8539182603405315,751450.5875634124,412571.7080249576,482831.6791072689,1.7416723985671996
99635.71126129094,54082.52962479297,796569.2497549942,1983131.0223842135,0.9121181310097839,2229277.705349504,1204276.0517653024,1468513.5999170616,1.7414255886077883
93751.75037428303,48220.63343008013,439720.0481281149,1037259.5519202441,0.8581991978972994,1127733.364961429,619265.3719448963,762717.6981865249,1.7375584011077883
192931.12006120774,140846.7001312316,307649.7705346181,523955.91097195115,0.5324455140934354,500538.7836081818,319288.79726092797,358920.10657467425,1.7324420137405396
330788.7939087851,145762.8035341256,1519978.4469089247,3189254.325719665,0.7410909806867316,3496905.1188306105,1988192.0111332126,2344342.79101532,1.7268052053451541
248531.72963730304,141117.46472901988,1699113.659567979,4183335.0128887324,0.9010020400235987,4903502.258037795,2638390.264248534,3180699.288836877,1.722517590522766
67621.5666239211,63949.74303396427,654402.8065933315,1697781.745436485,0.9533547482699714,1993024.131225299,1125522.550325911,1312628.6555492636,1.7205895862579346
118651.34300898746,85142.09739488646,354094.0070124046,1021183.2549510433,1.0591548533971977,1266919.6174640781,671085.4624174559,810778.068438682,1.7150360002517702
216933.00018750195,149027.81958795176,324118.28610363294,700100.6134057661,0.7701155284181329,771787.9433181421,443119.1755181878,517072.9733260735,1.7068724021911623
433646.5726147798,133323.4381834884,651048.6208863792,1448177.9208294465,0.799477113017236,1605699.250964498,920404.7510704825,1079130.916387266,1.696389994621277
332773.71767296805,108088.91169033323,1093624.8256079552,2482380.258534158,0.8197201745660596,2778386.320273805,1551526.3799614192,1842522.8390350756,1.683535994529724
396990.1743766076,149111.02307594748,418909.52387521113,803548.9921860187,0.6513831936592265,912622.5132560804,497458.35359566764,592553.6958568685,1.6721340141296388
97389.69021978776,67554.41744925932,760608.9564568151,1966372.4696573673,0.9498263673961276,2300930.988204044,1297206.4530725668,1518571.248831068,1.6583971939086912
58915.13703920334,71381.48755607434,293358.3408740499,703162.9627395219,0.874193807237015,797592.8571829315,456033.60250207793,531223.960018094,1.6457780055999756
163355.97096008807,143243.16247175034,584047.2451896011,1108432.8313438902,0.6407205541803016,1199372.358298831,682014.642981303,794886.857506962,1.6337968015670778
200580.4763688028,120425.21835366538,1124366.8764382608,2813788.0328467023,0.9173115291910001,3322675.6100264587,1797636.3245944309,2159048.70061105,1.622629193305969
232754.923316643,75881.30225235801,763451.0803895168,1884613.105564539,0.9036287800085816,2040322.6244418104,1174879.4864831609,1408946.5158126533,1.6130888090133666
321617.4425461555,136020.88260911423,1725435.024941816,4768355.6880360525,1.0165223189202806,5791710.753257107,3109501.4322415385,3736715.3160758098,1.6041048021316526
242107.49697203928,51248.42989870858,948324.0205308456,2557192.54239101,0.9919690349043453,3008398.4558919608,1636824.9590968064,1957831.2852929826,1.5950283966064451
95032.42730071669,102008.49285965961,2468404.869273457,4753492.845146604,0.6553075435335369,4739411.263546847,2889453.860868358,3309385.4890220333,1.5851408052444458
85279.23281789882,132270.97186513338,838284.0330168717,1636364.5551086278,0.6688753409330879,1642999.3742415057,1013347.4210016241,1163992.8667307927,1.5737671937942506
82545.59952089482,147432.05536781444,1205382.6626390363,2327025.526762335,0.657793775189786,2658000.3006073046,1516675.9468334976,1767293.1776404027,1.5619696025848389
251536.1146585511,61277.028010608214,865121.217493511,2334733.874783608,0.992783558407826,2814400.0312991105,1525913.8489171965,1830084.9571946985,1.5513720140457155
141323.8197811044,78454.7699715407,441892.9619790743,1335387.1422486608,1.1059088377056359,1694093.7093885778,918045.3882708189,1083305.967308454,1.5416432027816773
224751.26937336847,90139.28414323184,500755.2449838369,1059269.4010879868,0.7492172564641013,1207920.8662711408,685575.5495983944,796735.3165956859,1.5328835973739623
226376.5759166132,133948.05353372882,1352593.4371632594,3026949.94422052,0.8055316793399037,3349897.7569727027,1945129.2155711255,2262645.5114953094,1.5248032102584839
96350.29375535737,42623.73891230375,494075.40473672526,1280106.2642397317,0.9520102256981549,1476332.4812493236,859950.8198277244,995163.3728033295,1.5163335990905762
78809.51181484183,92675.94211821636,1391878.625641163,2917305.9933909713,0.7400062215278549,3126283.3184905094,1842990.5946425637,2146104.2914022235,1.508350386619568
214072.21341039235,74730.13093585835,1545644.7877269706,3898811.5335710985,0.9252306100897894,4438529.743028743,2541280.9048956493,2990840.539402451,1.5016664028167725
81610.95554399243,31366.284458533355,770682.8605019526,2102368.3287431593,1.003542810176878,2589762.906347646,1383136.7582307465,1661679.4141748033,1.494590799331665
142417.94352163543,82399.6777392737,1533732.27567384,4220304.8095731195,1.0122031944228027,5006408.935606642,2858626.433265412,3341540.884608296,1.4856044025421142
139529.46490901505,25946.263101232144,583304.5077924279,1535980.5404541264,0.9682148828366781,1879945.9644963741,1014528.5309567167,1207555.0878868478,1.47507399559021
288157.8757643329,173307.1760044237,258736.48980352387,505711.7933853547,0.6701567988295984,567568.8372517296,331692.9318342947,380928.0370448583,1.465089199066162
207013.508278015,105422.79846723442,507262.10088508524,1120844.718539838,0.7928100587138687,1248894.9248573545,732241.4484931603,850769.2072634913,1.4558124084472657
84077.74912898317,32797.7668755076,56442.09666349998,222453.7507513179,1.371503943375183,350431.3479749013,164116.93998102887,202815.8550738933,1.446460799217224
80098.25538448484,101660.85332286799,1759470.1748377795,3584319.481912198,0.71155590559305,3662703.5985599025,2260253.546493777,2588761.4830158614,1.436680790901184
35812.92001072399,16009.220989468246,68750.63059647285,251182.72923393952,1.295694770363788,355278.37110336695,177898.6486013805,215539.29199316082,1.4259619951248168
298606.1645510344,151684.3124788568,271650.3945896589,529017.7691919446,0.6665060958861861,532469.9481794749,342753.5549995806,384441.11061645404,1.4143779973983763
50939.58824074098,37362.92082082448,306133.50872497045,853739.6411298614,1.025604967612253,1034325.4414001361,578702.3301450246,680603.387310556,1.4039460048675538
263639.0462112891,156738.49358243146,542164.8621123888,1246852.9460649458,0.8328078837280177,1416531.0801285387,801938.5892003202,945377.5157377808,1.3939436035156252
142440.49843996632,89593.69759224678,755069.3257702019,1845852.1159388945,0.8938867340656458,2106370.9104372254,1217567.2682690585,1422601.4627699303,1.3845803966522219
41831.13662792882,97442.25827657527,144313.7210214607,329151.5275588473,0.8245286667899929,432958.25801477104,218402.38913062648,261769.04295152004,1.373539602279663
450309.42904756585,227945.4459392952,1621584.5720548322,3628360.490443935,0.8053770886405704,3999329.1508336617,2294790.4683176037,2696789.7199351517,1.3626943941116334
140526.6125624543,49831.52447531658,232932.42639307622,517088.5262341675,0.797465694454413,564834.9953597891,330618.06856386206,384660.5256867282,1.3516227979660034
99831.64001604424,135627.72237076846,615269.291227692,1774864.8508089725,1.0594195147378347,2204126.2444102485,1212608.209520908,1427099.7743203498,1.3405372076034547
199182.69072691095,131399.55499771843,1431924.923918005,3398347.0447052587,0.864269510351896,3853939.2579731504,2207465.1441599634,2585629.1799247796,1.3294060115814208
216269.2107531262,53310.613352501,439431.8497661348,904243.864810575,0.7216164439730655,964618.4298767278,574221.697768811,667911.6010297411,1.3182264032363893
55223.8752686364,45584.10596849368,963820.4479699412,2902961.156923218,1.1025815636425023,3572096.0592344287,1985072.1862423196,2338628.424892306,1.307471200942993
2566.225612826023,10507.124117513391,375111.595129173,1383648.5393512114,1.305255589661174,1923190.7986062341,1003725.0928874552,1191746.93955137,1.2975760107040406
214285.38407110947,101164.97190585041,1682471.4458231186,3787485.0113697555,0.8114384023197765,4140797.6613564175,2404740.6951612155,2818633.5644925954,1.2887448005676267
22680.072388787044,53975.71515822416,826273.080436623,2620465.496008979,1.154181926467702,3265601.4506933778,1761285.7367742478,2102108.1033328916,1.2803251991271973
66031.22259148542,80192.75644165845,987166.3246989672,2472051.9356147046,0.9179652872742388,2922934.8316572635,1626704.6808152376,1920784.466408766,1.2715380029678345
127733.78013361375,226368.19123124852,1035730.3173992418,2399168.5201767236,0.8400154288401822,2674612.4741154965,1566100.5228482373,1823813.1848742408,1.2623207979202271
90327.4128703638,139345.07628131853,700962.3423061434,1869051.3232582523,0.9807321017269004,2315235.1325029964,1260869.09584307,1490388.4374856018,1.2542428073883056
176098.6318903324,130480.94295613989,361391.10592759785,923542.3725416581,0.9382559133396189,1089580.1502198575,613903.8309667124,723039.777805377,1.2449912033081056
81986.96605115235,52738.599321645896,412876.42717769824,1036012.3412618241,0.919985994776086,1195708.6605130807,685863.9881681426,803866.3752237516,1.2370828075408937
264938.5043981908,102592.79439038555,416806.0309001908,557975.8265890498,0.29169468005321875,545358.4634628671,329962.118464335,375518.1383267021,1.2304987936019898
29518.01717894365,32858.19556147424,447038.107022506,1480308.2179655572,1.1973617588685599,1937666.1696107744,1051407.1428516596,1242679.5673672757,1.2233368015289305
76995.50120586976,55769.077235618504,287908.04867241136,680407.253560173,0.8600503674804241,831539.9309223304,453169.8544117445,535648.7909514345,1.216015600204468
224405.9050808004,59703.11644977694,490010.63195313927,1723976.988448949,1.257962014634284,2292600.9213904045,1201742.2194777145,1442880.4069658297,1.2081752004623412
219703.30075712575,105466.46594502553,2893701.9524286385,6957860.476163927,0.877335389436162,7855659.4011235675,4512483.8759314995,5296669.60514149,1.1995159978866576
91143.06641931133,134589.79401030007,448704.9378561523,1088401.0893747206,0.8860994900774131,1241124.901060877,714342.4405165524,836540.9447209685,1.1900579919815062
255533.65351307383,81199.87146427248,694344.5868290921,1583314.8667036484,0.8243075850693842,1717020.020002342,1023613.2349150125,1190655.3284369486,1.181358814239502
55707.19024513162,33418.808783897824,47883.605773027004,184757.63583195576,1.3502717031966078,350517.84867470176,146624.27450024174,182832.16698181702,1.1727240047454832
254480.55312569925,108470.53480248967,725077.8528870307,2135389.9412766495,1.0801255188878311,2640938.3880318133,1449343.157620477,1717053.0384286433,1.1631643972396852
164174.41073928037,67593.85216478472,1470353.4585090121,3811120.81415021,0.952420502966385,4448585.289603094,2528614.4048674246,2975288.8156435755,1.1540004119873046
161042.85397890522,54403.98437074831,1322310.5207712702,3650819.98249333,1.0155711941348482,4283613.64090902,2440481.7216556678,2875484.706490428,1.1448208055496214
187170.02720217913,61304.56655144407,364895.3297457861,599151.9849706737,0.4959047524638951,561376.9509720042,361102.26077060914,413875.0367550741,1.1360443925857542
56070.31468131488,61669.588759883016,557814.7387926268,2000051.6060983734,1.2769013643365632,2650916.2578092255,1398883.9696692387,1672153.1123335492,1.1269480123519897
164739.36214821535,94044.76670881115,593215.550176838,1518115.7998570455,0.9396674155626545,1792403.2245523937,1023805.084501225,1203825.3104859833,1.1179371967315674
189365.83282767655,42474.84651910788,426107.380917067,853462.9208555538,0.6946107152674301,876850.8850774423,536125.321520227,622096.1549724647,1.108476797103882
147126.21860205205,57404.58491359019,550581.5744300518,1663032.9230205917,1.105423148744464,2011426.882485083,1137552.6064266895,1356187.1732223772,1.0993935899734497
308895.7611829223,207996.24953335567,1659770.6616193166,4436433.048131561,0.98317124886049,4406158.881234383,2705600.595543308,3257416.1559649818,1.090724805831909
85366.2775568541,70726.41551782201,483958.77617934975,1561084.490319342,1.1711363149097558,1729462.4138851794,1040155.0285872819,1219251.7453742696,1.082241991043091
499498.26441753434,175450.31955041914,1179524.6889229896,3225481.6721637696,1.0059707434729948,3422810.7610989828,2075699.3255065903,2458493.2925061556,1.074206386566162
223472.84545631096,79022.86026907843,1270098.1589632696,3704076.838767645,1.0703398733704361,4056233.9002660685,2389385.542388588,2844477.090696962,1.0663003997802734
71685.74277427663,43558.95695016506,296565.9700697469,882449.2782792831,1.0904316224094437,974618.595354408,583481.3094291489,690677.1291486761,1.0581672039031984
167132.32724368194,108705.9602091875,1646049.6304162762,4670939.323958594,1.0429819375522502,5107553.304971264,3061217.002939219,3618839.5205945135,1.049949993133545
123972.36184596263,37564.94688987207,440129.2800644104,1601871.0800140193,1.2918591479074486,1840729.021731894,1090374.7367144462,1290044.9956923584,1.036657194137573
117418.8856454687,115302.27855814916,794182.4697030012,2448536.4134293348,1.125932497207371,2846691.8074144255,1627250.4424453154,1925501.9480750582,1.0241744127273558
101077.73071439212,70197.08757908754,124032.44967796515,531770.5542848097,1.4556688850501676,766271.8118136073,391217.45147314825,469351.7917107277,1.0158239936828615
118444.86309699912,155524.34732629138,280457.6090485592,1441757.5538696547,1.6371955847018764,1697055.6581587917,1040495.2617636002,1208215.3000602117,1.0034484014511107
65961.23302814018,23436.64221766668,75740.51040425517,254143.53365573162,1.2105860391957108,321748.1509072848,167482.41152292903,201085.1811511584,0.9968439912796022
64861.911222515024,135664.86315920978,166646.21453186875,439236.08792048565,0.9691639648006358,626275.2061583631,324197.1040676218,379896.7306856009,1.0059775972366332
518352.78013414476,100177.99150086411,1222894.9988820083,3012206.6304878676,0.9014519123553573,3621278.3661723947,2075149.5917418683,2403257.2677962645,1.0377315893173216
165814.36762848165,81812.446657225,895074.2898156941,1677328.53432127,0.628050928401084,1923221.5229728753,1144357.5537646334,1300964.852125098,1.0801016006469726
160996.67861177534,160196.6317072484,981792.4036622886,1950139.0429262547,0.6862760686404119,2285451.6019406547,1362969.7938552047,1556776.7668790163,1.115908395767212
161707.24792031775,150191.9038529363,771069.7173860411,1362593.276063001,0.5693661895894451,1393093.8756364398,862136.5225695339,986094.4975179391,1.1525595970153808
44771.27938922168,24742.138698324077,134559.98420452717,214672.06547175298,0.46710150799456684,199477.5417478172,126285.1166011335,143781.15107656736,1.2000356006622312
13.03529591524847,11.117932167391867,5.22950218501594,2.6000780824277694,-0.6987746108238259,6.0116634868142675,8.43045000130035,4.890648232650484,1.2446128082275392
16.173205186688005,8.12456530846897,10.780245465310667,125.99715936858705,2.4585440254967423,49.25669654590065,19.07914155552407,33.0790786607764,1.2339140033721923
15.482711586619128,7.897968229758453,10.929732550948678,25.872997029538492,0.8617130059489431,24.25177344692622,10.70934206317299,15.070232737264444,1.2446984004974366
3.5981574806708103,6.468834555029227,20.574225034884012,41.991023775252714,0.7134167950797901,24.28740455260649,16.24291800868811,20.97240587572194,1.2708908033370974
10.046883822121124,5.756718296850451,13.317730409735782,8.634182076388354,-0.43336727531584796,19.06399994217304,13.961915324860101,9.564190702312304,1.3219240093231202
259986.14143964113,141064.83988683095,1277548.733595725,3149835.050527592,0.9024068965577037,3526381.7310992475,2067180.453504636,2418238.1449903976,1.3919168004989624
103230.94403964191,124261.11886161071,539968.947683571,1228535.199070063,0.8220662100072413,1384623.501685476,818995.0653907286,960221.9753917104,1.4409895982742311
391916.09980336553,114605.63847130333,221536.96159844837,332436.4036746256,0.4058591295750418,331958.15475377784,204641.99780249604,234696.57412989117,1.4677468042373656
348929.4372390041,79330.11418340137,513636.41860668885,1287175.4955252514,0.9186899000954103,1494655.6851541917,860598.174922454,1008730.2001289271,1.4969711999893187
66701.42341618861,121636.01298021238,575958.5680033523,1719098.4782580482,1.093519564291137,2087070.732187247,1174312.9432611922,1387841.8733030737,1.5293788013458252
174787.5135586559,62434.9029704315,73598.81175159058,156915.27649696651,0.7570771386183495,183862.6813777798,105966.49682493317,123140.1234511889,1.545275207519531
37659.859124837516,20762.98039830501,251407.32044732934,797810.7476277272,1.1547969965053806,947115.5393804316,556587.2573898794,655041.6471965099,1.5456704006195068
46346.5710224958,59469.59634179772,276679.57459848106,716239.5110153337,0.9511545574055624,873639.0965159398,500882.6820149437,584054.3114571717,1.5484820165634154
79030.5217988262,33591.46975758053,215391.80511068835,556721.8909846302,0.949607098168066,639045.9239456705,376851.64865122293,442131.311169253,1.5628044004440307
108377.51421958645,106602.63963465104,651251.1319372145,1724487.4115887731,0.9737898014392421,1987160.8484655367,1159558.2273094559,1360317.7090627088,1.577159610748291
147490.27674781636,70026.67166226602,154834.43737150138,425859.8141281298,1.0117538172412832,497930.9276411959,294479.1744588927,345247.0516137493,1.5874055900573731
83303.09142058934,68299.97152234513,236255.50281594114,719660.5482422994,1.113865781617715,878778.4757618665,506413.56650394236,596521.8571513569,1.6117767992019654
111690.87314862682,89904.09314607743,1121326.5971206825,2767706.1764353295,0.9035064358888061,3022409.846421521,1815438.038464265,2131230.566093159,1.6411540060043337
110172.16043051898,52569.17627662259,1031582.2679868905,2710808.2227813886,0.9661530215847023,3030018.247914276,1821015.0743140446,2137423.2449053926,1.6633724002838135
212483.72389527937,117833.4851596343,162832.73702922367,316891.13336775487,0.6658347662742532,362737.4918016988,211286.617871014,246109.38938914775,1.6759736042022702
158771.74862863473,65185.12504165975,326528.6453061143,561950.2514072197,0.5428956460046486,583629.7388935988,353319.2570213907,411189.83006491,1.6881795902252197
80306.51780375867,35468.83083671101,473582.1433071983,1278527.7865134692,0.9931391494844295,1456904.2964592949,862254.9752700361,1011619.523899543,1.6991076049804685
292196.4022230163,106351.47163424242,752291.032022477,1865425.4101437875,0.90812114827167,2083393.7937083647,1227598.0111366105,1441035.2254991361,1.7151183938980101
14351.209480295622,28244.06625075512,114087.71870496942,399868.1951722705,1.2541673659031396,512025.79921234766,284032.3941380322,335720.4850299632,1.7410559997558592
205739.56520032242,130785.49668457876,328201.8400712176,990344.2232406684,1.1044237977431273,1214385.538353204,688626.1175789027,811414.2936743938,1.7524575929641728
183497.60781757222,69067.17985605904,258113.67269408942,857073.5908900526,1.2001237055341356,1136176.9006592357,616606.8610626258,726415.9802846174,1.758342806816101
204276.4441280445,147264.03214388347,542840.6229554729,1125935.8521424977,0.7295540726004202,1147103.7448168192,716292.4873862833,836217.2159692475,1.7675864000320438
26717.84638895293,121237.95170834116,818010.0432383771,2062262.1944284774,0.9246841975653659,2289075.7605360555,1374559.2314342312,1610001.5766583935,1.7800123891830446
105545.89869986329,99234.47789283842,419170.9416285749,827333.8580471479,0.6799294993491536,891440.4173362945,531486.5413046101,618304.9445396936,1.795517208099365
173143.91675070854,51052.19048268436,1515007.2699757563,4060187.223966162,0.9858088492141022,4696330.200379994,2760580.5818429813,3235415.0836659973,1.8161844053268434
330204.3074685647,116331.31137387027,471285.83986715664,951968.6565443812,0.7030673218125774,998803.0336414716,603013.9997609102,700845.5669767493,1.8299375925064083
105731.8006751923,156170.04141679648,406506.24924017966,974594.5271517877,0.8744222127579118,1098405.4758275256,646262.2691939606,756532.4106209201,1.8391499910354618
260785.1764950717,264837.9810459994,572980.3868216554,1361832.8606131473,0.8657352758397643,1533940.8942416024,908380.2540945453,1062248.759756446,1.8591992006301878
37264.207548634746,59026.95129958797,596368.8843968159,1937270.864498791,1.178176081592639,2399181.240951072,1391263.765022459,1634152.9394517276,1.8896820020675658
24283.325859306075,35923.27777106591,872838.47377021,2576457.408615358,1.0824201225153391,2991445.4328011484,1778909.3331252886,2096208.7414474594,1.8996311979293825
69051.85602023597,83112.05380837889,861984.1767234529,2354684.8392898845,1.0049252572652154,2847872.928260835,1658473.3530916686,1929992.8047965597,1.9114948053359986
49182.08182601284,172351.5317637783,840988.7412198575,2272514.9992596377,0.9940641538531274,2617939.573953692,1545053.831967562,1814783.0424864246,1.9250499897003173
60352.67614543089,73259.60632227706,724608.0980882647,2195123.3786539836,1.1083625785420956,2717214.5370159666,1550802.5139858574,1814317.6954358523,1.9447432012557981
49925.86783914934,26533.83972617739,86347.54819347906,394602.07362056733,1.5194974382007747,540252.5627656026,298188.908104714,352403.2766894143,1.9572747926712037
120894.27197761029,139817.97192042085,594946.880052745,1312008.6324123424,0.7908424247270531,1371295.078451954,851625.6882557943,995193.5359903304,1.9711372032165528
108993.39162589531,83003.59758445574,335285.16691191273,1041392.3905115927,1.133332519487519,1346818.3040195822,762928.311212779,897324.0898946736,1.9833716011047362
247416.1256653121,74557.95515595676,844445.8278583694,1836156.0767185886,0.776748989483151,1969450.134342806,1199582.010374823,1400109.1926434105,1.999415593147278
102925.3028428574,65127.34831721546,531696.2268123629,1107370.6721908671,0.7336713965297239,1166640.390173126,706629.2969036798,829074.708953302,2.0146476001739506
203799.49202517254,122779.89942220447,685711.5894071808,1079440.4992938498,0.4537410139529694,1009122.0892272396,634229.4984546212,731949.5682258978,2.0226888065338136
107155.23513289129,112611.25378630057,1170799.518402884,2700632.5475785914,0.8357991579573945,2964372.1234241966,1763751.7191920965,2055090.8325510526,2.0391648025512694
235112.0432944347,78720.02783858942,515921.4254721026,1294242.652330908,0.9197265009326987,1494210.3446057925,879435.1681264505,1032833.1447210108,2.06826558303833
24090.586647263517,12098.297262414175,234493.22055163665,748229.657824585,1.1602832827870238,918951.4000197917,535569.603611847,627919.5158728217,2.089195194244385
234214.49771942987,65636.68515460167,323934.98031305335,680286.4225130269,0.7419711014566008,743966.0078251131,444832.1980070514,521730.5205416231,2.1064207820892333
48538.91115401762,82317.50338799479,481263.2040128044,1379218.936101411,1.0528583074517357,1668311.6657881609,966786.5016553961,1134207.801936055,2.118142816543579
265090.5764049055,245197.5340817331,1561237.748833194,3358319.731394279,0.7659618335487668,3632037.805218353,2182581.6092223558,2548969.774805215,2.122613199234009
107990.36858895709,127815.29605814762,462130.38154983806,1149017.196236995,0.9108151815859529,1356185.9107835868,787846.4288604283,923047.8800339737,2.1314983825683598
163594.02304226454,95611.82332987714,649647.2929397383,1255745.3953051595,0.6590550263670121,1267934.7745876678,780344.4812766991,911453.638451671,2.1479076004028324
124673.23605591878,56876.18138299043,1064760.5051052526,2885659.502101437,0.9970035747142063,3431100.273757038,1995542.7300063572,2337671.4831160824,2.1748476047515872
23403.488456777974,49310.35162109597,268716.6428728622,1063811.105962198,1.3759556699549105,1399602.9306677857,778155.075529865,942519.6844174436,2.186825996398926
84401.20269703883,26024.514003710992,392962.3952269113,1085437.3951224731,1.016024393039455,1207302.7758530742,697903.6452034088,851878.8502479992,2.187926010131836
22211.902278328595,49920.008626804636,500590.0212211456,1547796.290925139,1.1288000053190252,1771116.8885512333,1019474.3297983629,1257998.4348324577,2.19741117477417
173438.26562860762,50602.9520269229,120412.51707047725,371444.39270791603,1.1264756799487259,459267.8721603117,252828.032589329,311548.96877751243,2.1984631824493412
63876.462144928715,36535.22983107274,220659.8567020099,579212.9486336946,0.9650477909623785,675500.0715236169,388547.764101607,472525.0509747253,2.194543180465698
119089.9681238539,58644.554703031645,590696.1290275867,1443983.7146910985,0.8938593203779117,1596363.9483600622,935187.2146143088,1123068.9690702094,2.18173920249939
199060.14762772273,112037.07191525922,1333568.1767622344,3014558.162558301,0.8155950835110755,3281848.9635287486,1924685.5993816494,2292709.017404139,2.169936803817749
27538.49666518116,17506.982745058875,40749.86438006172,104005.89442445044,0.9369950631086219,136917.65553322693,76510.49060049906,90953.84104348264,2.162593139648438
38907.2502016266,63729.589939304686,51485.56939140811,394468.271215865,2.0362371467955054,612340.4076137188,320011.03797512397,385905.30024042935,2.1588340034484865
233777.17506741505,127434.69660034322,1951213.9579985335,4001091.903792064,0.7181155783769775,4138191.6926111095,2526707.323383278,2977476.1679837303,2.1720024223327634
152725.27475032798,63960.8906178964,538777.1823950326,1461202.9333073734,0.9977132076770552,1712215.7880984764,984559.6642725943,1158523.0099440706,2.174549604415893
159449.78034702092,60232.239494872076,200348.67138223938,557021.6903616481,1.022544974995915,680558.3479453996,385052.58637409215,455289.6671040807,2.1679459915161132
153895.7245455529,111622.5460363212,705966.0938233918,1875358.4032052192,0.9769878579200295,2131630.963839974,1233081.247360906,1462912.6061960445,2.160512800216675
351190.01134751004,225426.03622179234,1046146.8648878012,2167566.866401952,0.7284915167586021,2251531.5932287457,1359829.3977106535,1602804.930145056,2.1532616024017335
32470.49396454836,10255.344931022028,188763.41814480082,587557.3289141798,1.135479347276796,719035.3053692497,402780.2316394441,478091.98761435127,2.1422747917175293
42.889186347374235,10.593068168669355,4.723752879232385,34.556811658828764,1.990001097406296,21.265280056361817,7.656265784143782,15.238515702679557,2.130583986282349
10.435854586586032,9.803366290552427,9.646039223349314,7.861032050975494,-0.2046294856675699,9.190282510481738,9.6393848471535,12.121629647631428,2.118188808441162
121811.52932168194,35466.47221656551,563883.0705280727,1382552.516352429,0.8968398109415183,1545902.7858968969,903882.3923569724,1071682.8645074219,2.105520393371582
19874.70794112336,6166.6246712920565,47483.32436753833,116216.03616893892,0.8950722563361317,126539.43196906347,74196.28183691556,88385.89880299028,2.0912695713043217
189563.99730883996,49822.79464544925,329174.8835119889,852519.0484471001,0.9516063827638224,975350.5406157452,570679.486853388,678590.961667228,2.077339185714722
248044.90189834894,48222.74914485769,372110.6048619181,733043.2817705623,0.6780136126008838,736543.1798364148,451964.9636707723,537410.7229846865,2.062039199829101
92473.4375924754,66191.5245268899,1239272.9062779339,3558484.602228973,1.0548099389757155,4145831.975554839,2409614.7518566027,2877901.1420405433,2.0514599952697754
32245.2184354106,19560.427003575387,661874.35172837,2022748.399106348,1.1171367223355073,2425883.5255292947,1380348.0080869363,1639371.4028263767,2.046249206542969
154524.08398030102,55032.962137943316,342192.31406726595,801177.4755947368,0.850709589206847,869171.3432674699,515106.139707449,615523.3647100686,2.033310398101807
287922.5573644769,126149.56678629345,856144.7252735237,1434407.084814856,0.5160674280651367,1339947.2309705657,840760.9185401041,996398.3613976993,2.017229608535766
202830.5968895669,144152.51784609427,1381153.1412698573,3161706.540267841,0.8281931663582807,3414285.2067713332,2012777.0472267913,2396769.4523641765,1.997808012008667
210595.77299958852,104683.55012637765,1054088.8269848665,3018088.2767191255,1.0519468873456166,3553734.662423799,2030657.502506637,2414273.6749820076,1.9814939994812015
223428.8182421224,234011.59467608127,623963.3731972596,1710386.474217459,1.0083829624275271,1980765.7244640635,1139909.4420607267,1359888.505250113,1.9666492033004759
160648.30220881602,127615.73988055557,376864.993862678,517899.452494958,0.31789409941812075,446094.9414720539,291676.5521881491,345572.7392933244,1.9526411952972413
65210.02743531116,26648.270510443082,687550.5350241661,2444065.8299352,1.268282922925069,3092658.2682631817,1731134.906593841,2065698.036421772,1.9399184007644652
167990.77459741695,66967.43335035362,996824.2112027793,2347037.310691322,0.8563346562432965,2548915.5989879593,1500445.8643129473,1785304.2510140147,1.9262847986221314
44492.66567310543,14206.655937469224,201916.05456460247,603057.2162114354,1.094160038583457,720390.3322679016,412852.20363704354,493338.58770745446,1.9139231996536257
123888.80418212997,82717.75427617268,535169.1830078484,1149061.364124588,0.7641177561444064,1208177.595315587,721745.2605484091,858028.5734265031,1.9001363935470583
8842.093756978062,12937.768971272239,272638.1437146419,925672.3102551872,1.2223748603433915,1151631.6670181684,646873.975120663,769677.5668552187,1.8941763973236085
62852.99186238115,157205.31559365636,2142925.1305967383,5556473.752783719,0.9527919107811034,6340135.216460818,3689032.7401963836,4369679.241093602,1.9079175920486449
91222.26463991517,41467.41317009543,530448.8310680017,1784911.5607969593,1.2134006479724686,2187100.433589779,1232673.351813396,1473990.6037391948,1.948961597442627
125978.0112659377,61795.39912254661,308838.0239955371,554159.1044465848,0.584634892386612,579010.02862765,347109.4858733512,411797.29060038354,1.9901775979995726
43194.54324812006,57577.14957250805,247727.07495085616,802262.3788827065,1.1751080741416846,978970.6677540902,558966.3911106052,669652.5726088482,2.0365024003982546
73392.22076889593,169767.5218001692,183036.6512324654,306053.1635552731,0.5140724112236565,308940.44915679906,186187.17721245094,221744.3399284149,2.1026739883422856
59910.87070940867,34231.809029722084,339365.8273742793,1199578.5137706203,1.2626468732247087,1527287.0403699905,870289.924153999,1034253.6131299996,2.155021989822388
128033.98450366892,186606.02834561744,1551239.9872542624,3552848.050953334,0.828694946831412,3866089.5543147586,2291078.424049735,2728312.981034578,2.1804847927093505
201405.28899303052,69991.71798365081,640879.9086957693,1939896.7307038992,1.1075479296046993,2365678.611415031,1346643.6405243734,1600777.102914379,2.1875028114318846
140231.52153671428,78054.63034274038,205207.55348631722,400966.04352170345,0.6698548212427369,412952.48173974,247848.5161204795,294633.0673688064,2.18204602432251
30889.359223712152,12974.948904014165,97740.7281963789,273367.15196086874,1.0284974284669506,330992.2786432991,187449.45860989532,223844.24566381756,2.1687195968627933
6894.4348096501635,9416.451792552816,40015.858113578,161956.48377686343,1.3980518520996803,221039.84897036554,121645.2770516506,144927.50662842148,2.1541396102905273
221939.7389665353,66143.04805335902,145276.01549248022,212828.5293454698,0.38185132687844003,197894.10480853764,122330.2654145528,144881.2161496086,2.151142402648926
45478.95969414136,25760.19553484899,85886.93321570248,213606.87181147595,0.9111055767827967,248490.80092109722,142677.10400020797,169578.89788322794,2.1606959896087643
124007.05309864014,130136.17519761145,779353.4605682674,1650696.8235163358,0.7504881157749459,1825889.7822479215,1076014.0446376782,1274751.5641838647,2.170704406738281
31417.690542100885,132106.75732089073,809160.352076215,2038194.903150401,0.9238227360816875,2371747.1135746315,1375099.903544296,1638151.889556015,2.180506803512573
89360.77077662143,38628.79903885036,33880.05525378697,74993.36221307839,0.7945731051439253,100999.04323966651,55005.53553874811,66032.3531557136,2.1796592044830323
131420.16109051034,31624.592316714694,167244.7493268369,373723.9877770491,0.804059220005767,405376.59694014,238168.63634782727,286260.69533207593,2.170542001724243
139539.77468807364,94638.57277274944,910729.6012506253,2421297.4092047554,0.9778127571066868,2860006.937860159,1649223.8879020745,1962866.9497636468,2.163990791320801
45614.74851147819,56899.11900806604,278193.2806191922,696001.1761591003,0.9170352240773418,830265.0969199704,484758.67906586465,578690.3012234746,2.1624639778137205
31857.735022966703,28492.23127799593,196935.32141079562,500690.7049948701,0.9331131980246923,578591.120306609,335071.2905389198,399644.93870266614,2.15538359451294
71614.71113400442,95672.5013767799,534412.9087364781,1489510.9816774179,1.025034367353065,1775208.614702242,1019577.2610974333,1217874.1126364616,2.144737192153931
481177.93199957366,89489.75435915554,415513.08919980726,892862.2616052903,0.7649182105713574,955259.3829959391,562217.7363930333,671555.3816046062,2.1351343822479247
285142.93067987263,117857.83689728813,593865.7515432466,1565791.4070038982,0.9694933802155923,1880073.0267995265,1073835.8797039953,1278393.3933110673,2.1325655670166013
24354.827766080743,20000.515500243087,414115.4029174342,1606004.4795472424,1.3553599977703445,2131131.410150885,1188295.0415087794,1418926.5029798122,2.1330159854888917
45489.33370119751,130261.96022724581,123990.3186746388,191216.86553077085,0.4332047182175618,231793.46783018837,131941.46512460764,157181.95505036853,2.1449220066070556
50347.978510803485,27043.950389688453,307700.93981916655,1093690.5345965482,1.2681847311656522,1434815.0073265121,803057.0150692665,958276.6649793612,2.137865591049194
180920.1775698597,98230.2447065499,231667.53990246134,387870.4304489144,0.5153680154574687,391583.9065269816,233634.23106224395,279316.8602499387,2.1387684040069583
274554.0111705614,101395.17834315333,494173.39201450633,1260958.2244697227,0.9367407549421181,1457991.3829660406,844335.9828446385,1008510.3984742892,2.146404026031494
97706.79830321201,53483.77110049678,59789.46006201934,119172.07276527947,0.6897390460206676,143074.0724701427,82289.68885064646,98213.7316526515,2.1616571865081786
136684.58241964615,129500.59094924116,376308.58419605653,748710.5838355311,0.6879429959735983,793138.530798627,466558.4947940195,557847.3131964176,2.1538216075897214
87133.71285557827,46872.94364209152,184654.89172191045,412005.3290954966,0.8025476511561909,487694.63877948764,280540.4463545674,337321.95508271916,2.144145191192627
13525.441650824785,18553.503365719727,378568.9894405775,1267996.1316205047,1.2087947573029822,1630708.1113947248,913051.9971100141,1087603.0644665887,2.1341980171203616
142953.19666279276,49225.23280511481,67307.57531539114,144716.7024566467,0.7655052644258991,222535.16943023214,121298.49097657428,142509.80740739772,2.1271327934265134
29108.80227228894,62109.83738996358,1035733.8021547382,3073702.868377308,1.0877728177470765,3758880.646523909,2126661.0322781526,2544524.900507874,2.1179983959198
154068.20392142906,124774.64935586018,1985849.8338996891,4694545.0188220795,0.8603542499375347,5267875.12790926,3054947.9203147767,3653264.771689611,2.1084628009796145
372659.0159618365,164384.80689184187,691731.9496445264,1431689.913257557,0.7274122584799994,1521880.5635933229,896407.793070639,1074831.5275714877,2.0960019912719723
180820.62418749445,160885.43101568636,607831.0648679857,1394860.8149961585,0.8306529255592903,1575207.5004956913,924371.6122110831,1102932.8480489382,2.0864083843231205
91078.16455158527,44776.98890684843,278043.307207545,935290.4111026236,1.2130801982921007,1195856.4220728572,682908.0467447911,823931.2412325591,2.0820848102569576
89586.26166355463,88764.52945149473,154687.89650351147,313339.64349138644,0.705878209180673,353896.9257979267,201906.53786824548,253002.46910808835,2.076042385101318
120780.11001183595,36671.14252682524,102780.68778362541,262429.86016336974,0.9373863736040722,290123.42929301877,162853.0369341374,204676.9085077948,2.069285190582275
193452.0635256747,54371.524144569084,285965.0844563837,447400.3381302485,0.44758408377607495,403980.6282978447,249880.15528567455,301791.8835422536,2.0634496097564696
49655.304272184534,29116.010747938508,175555.06233479243,579260.3859475557,1.1937993539476839,726361.0659427384,398789.5390285164,495659.3986695363,2.0568700065612795
145157.4156828593,103752.63192731068,368071.160041779,946583.9244569446,0.9445833457703614,1061922.6099303546,606317.3531044933,746218.2546675374,2.0471759910583494
337534.26336272847,76736.86321547664,599422.5460823155,1541799.7756154037,0.9447389298975253,1738726.7197487163,984097.8539527599,1205504.4614530525,2.0354416103363038
42946.9928203611,51004.500315032055,167617.3472749147,472257.53863479604,1.0358407827642129,569336.2462419999,322991.5927650325,389640.8736779372,2.0223927993774415
64243.31047279111,57962.94048861531,185262.45209698458,434262.0303683551,0.8518746288071242,492677.6360189882,280991.0281905,339037.2460000782,2.0104756050109867
11832.155973337123,19152.531806177172,173233.8137332523,611266.9717314659,1.2608915995371106,773061.7198041088,433989.11928088265,526781.0411217676,1.9978076105117797
124760.17943146202,34902.82605362086,126315.8177882543,335993.5333280229,0.9783066524038126,381351.7415552762,216356.14966464497,264876.9966643801,1.984687201499939
116552.30680920622,38913.14370077751,324656.78173214465,928995.4869623492,1.0513353127490657,1078301.5097007048,608381.5904213868,746489.8418449459,1.9709912004470826
135513.52443466138,74059.67330604467,609064.9544923895,1700438.700675816,1.026716636328464,1971810.9398448986,1123900.0315093258,1387920.600760089,1.958402795791626
63110.29760338238,68907.32167912781,420953.69967214746,1203813.4581767826,1.050726828187269,1379511.7711483336,780022.0685721133,959579.310009546,1.9453095979690551
380688.52480377053,84326.46956864603,231115.8216644348,673344.3022061372,1.0693378146462678,805508.2567616263,449178.62248275056,552564.9788919967,1.93067719745636
181407.57719626298,62040.228351457205,1514551.656855362,3895027.9622190464,0.944581399206001,4356760.97217584,2496868.173395595,3066307.747312857,1.9157704010009766
105922.90725155562,64553.88532138885,196036.03281676004,626450.1440254743,1.1617707093631875,776713.142715121,429273.2361523241,532903.0170645352,1.8999607944488524
33042.094619513606,34679.7194868729,118145.64886134208,488577.7852394872,1.4195805159280876,634077.8361772859,349050.37341211026,437087.1777127869,1.8843984088897705
69202.13649172083,104302.14885210652,840278.5801602226,2089971.937557221,0.9111724379587489,2222561.319245919,1272215.6420504642,1596926.489267083,1.8691488056182863
228603.85562326806,87609.44178899977,335214.1717304493,812890.1672175912,0.8858263586018822,842040.0841619632,481390.6755040784,610673.2073637745,1.852931198120117
45407.25855181909,29918.011226762366,639246.4697851993,1987075.6657343549,1.1341292304926576,2204707.7505907607,1229581.9533385015,1570631.4401066992,1.8367404003143306
41183.74447960002,34626.891826645246,235210.79166037118,823136.5406367481,1.2526399950330145,954133.7802484713,522931.82902405,672204.3591741977,1.8204120006561275
78357.34453194245,57381.42329258752,181519.5193738034,503477.0892840463,1.0201750155301372,550947.7751399669,308333.71631291794,394670.64806446,1.8035936002731323
50950.78108519366,44261.96331049644,743124.7827237411,2415147.8312375564,1.1786518029129827,2706113.5771261333,1515091.1508433088,1924706.6765028753,1.7868447980880737
43451.18318988619,27404.541651932,61726.323396268956,289455.95981785783,1.5452926852590778,388075.2045340464,211245.0281101957,265041.28000490257,1.7706752042770386
37475.806392994076,97083.62342163721,218211.01979563158,741956.5083521237,1.2238280520570068,896128.9837208837,502744.68710226053,618866.4629476346,1.7550012044906615
78589.27511103704,71155.90471026632,411003.5861081325,1058311.5843854223,0.9458281324784146,1169703.2219610761,672818.811531031,817162.2572339098,1.741369998931885
61395.9171141684,39202.01473424265,500907.5486277701,1497577.0506060799,1.0951822311120427,1740044.6425451105,984186.4446208891,1190408.1854841406,1.7271532068252564
74584.98298494233,68129.36424342844,1036317.2087031503,2635736.1866327794,0.9334892477094403,2845722.938930612,1666795.3855659384,2018795.003738911,1.711992000579834
112382.10940772091,29268.099567163394,96063.39375833311,200527.65381356882,0.7359438363121686,205648.6672286097,121588.03993055565,149600.78150988306,1.697991196632385
153318.50232714735,57443.31684996537,403025.0103169954,814905.4211688638,0.7040734385002754,813470.9695693216,483956.790820439,589248.4645888432,1.6846944065093994
94188.23874022497,71746.03500993804,237749.68353672686,1030468.9504868529,1.466550898995818,1313231.1100376649,723818.5401481208,875684.784723587,1.672925205230713
107726.1115168928,55659.94970488836,308231.63567391323,503678.20426073537,0.4910860163526518,449632.4672825941,275143.89772959705,340077.87004843133,1.6650076179504396
77329.15547443672,44134.06388354581,288376.06645695114,567741.6046480022,0.6774009791713489,551309.3928108374,329531.8109996135,402334.3561368056,1.6585763874053954
118461.2918247172,63017.10292093303,511359.9209713957,1351085.13610128,0.9715896644821687,1465282.6411733527,851813.9893575704,1040024.9602319963,1.6463428077697753
20896.50823050248,30124.57909146271,570205.9316351039,2154992.030241291,1.3295447251153352,2633596.241696869,1481134.6099931705,1805522.3393565307,1.632552399635315
129659.48292677925,46940.62537188895,214060.5303250997,401980.51845244697,0.6301447988704059,385944.7075426787,227123.48709039693,279146.2435926976,1.6183980093002321
56092.12994884918,40292.874430546435,357752.2426031588,1113703.5916565056,1.1356056223214122,1289051.8628611374,736184.2677965243,873519.1901651989,1.6033352022171024
93697.50906435194,134887.80358879588,220751.87222714876,611798.1527769301,1.0193630917288683,693543.8300193577,402777.60538947175,480459.00040554866,1.5884076099395754
33040.308962097755,78538.51442873722,1583877.279218954,4528475.0524901645,1.0505094346666368,5054073.788261395,2955913.066966113,3518428.209379654,1.573458399772644
225212.86064243317,238986.44729705437,230929.8695220772,575999.9731662516,0.9139935448245584,646639.4957651899,370670.20088566234,445176.416318311,1.5592420053482057
102294.70496847884,69835.65775109286,377861.6989514399,894290.7844855349,0.8615027316943902,959704.1334581648,564314.6317998928,678268.9303273829,1.5451520080566405
97928.70849411727,29293.639932376853,90788.1452532364,114728.34467131882,0.23403839547134453,95386.6010545303,61261.25836032459,74442.04834929253,1.5312847986221314
25660.036872255703,35455.058401965696,927680.5100046673,3067216.778161645,1.1958384469680325,3625022.55400686,2043301.8766386234,2445063.269689336,1.5179235992431641
216353.81294451834,145071.76588058894,548403.5908161437,1225561.0180510557,0.8041424965884936,1270733.1816758695,737524.7164546788,892249.9834113842,1.5058587903976441
167419.97914983265,151771.35425330407,933871.6592562702,2137177.2235754603,0.8279021638964803,2242575.6640338157,1313208.1664625732,1585364.865781843,1.494176411628723
52563.22828806493,36238.21343650747,762789.802615997,2757156.4128445648,1.2849726371230936,3364484.975000846,1883249.8892340516,2262274.4653083854,1.4840447978973388
88697.06141872666,64631.08072388541,436377.8137720751,983125.686640015,0.8122285587740734,1050696.620834219,612201.2812787045,742638.0353100512,1.474153995513916
230804.4050119071,87518.14437099521,128082.20963053228,311140.26900977246,0.887571515756834,338933.53797426005,195271.09398793406,235363.63959020402,1.4626620111465454
175171.25729031517,75679.59166638518,227037.28841550686,970126.1487112797,1.452311843120608,1265217.2943312088,704238.8543071955,838054.2305488398,1.4503275985717772
418363.0153835383,59058.531629876714,1023771.8913833585,3077286.35659487,1.1005544160953296,3537630.4143894846,2025982.3031018982,2436973.864561816,1.4394919986724855
75828.42207690264,47456.735218468544,596835.6291969364,1655149.4469040295,1.020004836473893,1860276.8177088075,1056636.7960309202,1277213.167795335,1.4272279987335206
189668.9001886859,38266.505367019534,167721.12812058887,478998.5552574519,1.049394932748541,554624.4003173033,312552.74575463444,375488.62537707604,1.4158175983428953
105764.70712999123,55519.81615782461,803122.9961959922,2096942.1941366794,0.9597275914688179,2282939.087851653,1311273.1051000345,1596751.3730729362,1.4054772090911865
139861.28570850275,76667.13159913395,196251.336607279,531645.5672535745,0.9965808729697905,632984.3247673153,347275.17203183274,425978.1882646388,1.396210406303406
282139.85925332626,93191.0140723013,1693006.1947706197,4861486.316859614,1.0548384554776309,5531534.303264545,3159210.0204283604,3822049.6567570334,1.3882875814437865
341204.19688426814,73444.58092742576,290809.8343644175,517443.47527459555,0.5762307292542488,506114.3655934625,294892.0602949958,367393.1753859591,1.385659602165222
356560.3476313461,75900.07754186554,1089207.9381719802,2558569.998734604,0.85399773830874,2697075.9299461637,1554274.5218515757,1925411.9697914394,1.39049760055542
80061.67059007124,30818.908696558465,525208.095153088,1570459.6891614,1.0953290953529926,1794684.9531489436,1009050.3260974981,1240539.7762468148,1.3848816051483155
104359.71177200608,76160.83625891521,344415.4179479471,745413.2985780963,0.7720902886350487,769373.7634779274,448889.49998627824,549862.6355962312,1.3761391925811766
242643.50847433542,89029.57329725676,265796.05807298026,585365.2810435201,0.7895067486639888,640634.2986723469,368111.927523305,446864.3675211315,1.3644851961135864
458278.7202830579,106735.86830920429,779935.5050008796,1633805.7189656005,0.7394561389403691,1642771.9683293316,963747.1005024642,1179549.1379603813,1.3510883989334106
126809.41570855537,81817.8954975684,571574.2099986951,995849.6577520883,0.555201974087824,899131.8435260619,537989.7855822027,683700.6681949309,1.3358076038360598
184452.70529772044,130093.25737680745,487138.27716748544,1437241.0023060504,1.0819325646605993,1530259.3430717005,831955.950324246,1090181.989712272,1.322644404411316
68476.62901270796,23167.756057158942,351740.41410643014,1168526.0250229486,1.2006049822784366,1277962.7596656168,695740.5909097041,899236.4840283853,1.3101632080078125
178583.680948052,47724.90097611573,50332.27958204822,95246.59984163719,0.6378227036972284,128852.91197461194,65649.88442026312,81999.41381477143,1.2972204055786132
258286.77033476665,114450.13989294051,211484.79877215897,733959.6257884107,1.244300898878123,847355.6734904012,450278.00270314433,583164.922041873,1.2843763942718507
127996.65975154325,78181.99353841002,327336.47275642504,439992.02396560326,0.2957679888511553,356932.48761298985,227539.36569784814,280323.6788383524,1.2718763971328735
183927.05031309713,70533.21334654636,402411.4444850659,956693.0011255494,0.8660074880652573,979998.4341318095,544245.9652753745,697224.9913547648,1.2592700023651124
167866.1606623323,52890.032138651746,415288.67496651795,982834.2037157705,0.8614665616165311,1004053.067481451,580614.9599624762,728216.7057527043,1.2475644016265868
159795.75875065193,72408.2055379244,1226610.6903700896,3269698.5322996187,0.9804429590808645,3542121.942927758,1969565.8572340384,2497108.1085078334,1.2364720134735108
327509.48565027124,79020.04181434799,1069620.9355911154,2791175.8436124334,0.9591586364677358,3010623.572309735,1752912.164502461,2129638.4585171733,1.2252599973678588
50733.43063282203,107451.04351577211,556275.0721297002,1446718.2538425452,0.9557900911724495,1627163.0860592974,901657.1261929327,1118880.0270486553,1.2166244029998778
304558.69889343367,116896.02774267178,1319264.3967910444,3187708.3213826967,0.8822279579723862,3426066.047034617,1932901.5771143702,2417147.0261528245,1.2118568134307863
473737.7239786461,122042.77042176151,667999.6755623934,1726428.218739528,0.9495222519425184,1856758.0836389286,1032138.0208844014,1313130.513709406,1.207778811454773
264685.2632168772,61277.88927336538,399301.11272337986,1060810.9225614206,0.9770731151603904,1163061.7850167465,651374.5337737342,815101.6896158057,1.2015159854888915
61819.98148254719,162855.36920766882,395532.13900459075,999228.0975204658,0.9267510328206505,1123926.8360835495,630432.8339337629,771834.2000180586,1.194194787979126
113488.53125754664,78128.86418272913,570922.3633758049,1893060.7346222375,1.198697000143845,2217952.8140789303,1250664.4051492363,1506783.2948691896,1.1884323978424072
171930.2178703508,162399.59346823618,893280.3491868934,2500485.195888068,1.029339597914582,2809841.7942421036,1563558.3875302544,1920072.7296710045,1.186437605857849
242382.3903280843,62616.50977809828,247565.74549956457,726164.1111249379,1.0760998525459442,833969.8524895867,476545.59946336184,579244.1578061654,1.1859920082092286
74872.57792098403,55654.91379945595,512891.55669391097,1623136.9344835067,1.1520515028070442,1897505.1268779493,1049438.4064161018,1295576.201146698,1.1790680027008058
70453.28971157651,101036.52539820694,516279.97254884837,1756420.5960305962,1.2243840640985386,2115378.9364260854,1151700.9686368066,1427238.8956183079,1.1691987962722776
89737.6819512906,103832.03429031052,743866.9235928985,2169078.5387108894,1.0701955671160501,2511037.5759714553,1374753.271219277,1706347.7224359352,1.1575604095458982
206424.566848061,72912.78765686498,1164556.593768675,3202272.7898198776,1.0115203961568877,3597049.291658204,1952846.5326509457,2446946.3382635773,1.1458936071395875
264400.7988743128,168292.65481255628,385603.1860455236,949548.0209499327,0.9011772786917707,1012877.8989799495,570413.3656465128,721734.4528547032,1.1341107921600342
88428.05849225773,122598.70198883733,760199.557603392,2133663.7181440843,1.032014861961569,2411772.162807656,1327315.721588477,1649786.169127861,1.1225380001068115
65182.442737358026,147488.59470700432,249472.67829817664,628529.5126692608,0.9240335808612574,718546.8818062539,399509.1220321501,500588.4566602107,1.1127268018722534
297901.0398768585,126791.64510455764,385554.29084696213,876521.2500212211,0.8212789328691947,951435.2963596457,526512.3928371847,661791.3151908163,1.1059291896820067
87156.40935409602,47282.31468236758,1607231.924693444,4406996.060765655,1.0086798941322108,4936834.4169884,2777225.7400019146,3420010.696167598,1.096335195541382
324475.3420038367,142725.35798789465,323058.41738476284,791153.9068360949,0.8956593556804098,871971.4122738491,486373.1587726646,601688.0735036789,1.086584005355835
164898.57999749936,49674.365814290846,1091767.0138982898,2991023.376704204,1.0078180979762212,3330762.50217513,1886554.2979246597,2321152.289291988,1.0769971933364868
101759.14315736968,123991.2218320467,1483907.441649668,3634576.1969231176,0.8958137426771291,3882515.5594222187,2172121.385103732,2716341.2597590047,1.0673779907226564
168482.70724763034,61330.637439201244,291067.3361281078,498866.3988062857,0.5387836860072799,483196.75678878545,280083.28060298064,350918.05291643797,1.0582280006408693
124870.50818641543,64588.755614920294,456405.2580654501,1507750.7655708683,1.1949931214271885,1781930.3269952424,993877.2328310631,1208370.904306661,1.0499587993621828
153019.9748460214,105577.04207720778,1153874.9936809083,2442537.5529571883,0.7499116417681879,2494956.6227121074,1418756.2222488425,1777690.8220693385,1.0416443939208984
283391.9337434938,89097.60162671913,564190.2230911731,1253919.5852098956,0.7986381228917914,1298090.000560842,741600.4215031986,919824.3313767607,1.032436800956726
244630.2873620172,68047.37289408485,148688.7617923274,223455.08237874514,0.407355145928495,193691.66320524862,122326.48677323443,148665.48291273232,1.0227903995513916
110282.19967317114,65348.47316128145,156159.0253353038,222633.60029007302,0.35465249095358686,233816.75004704145,139267.16531201144,160939.21734294575,1.0132743940353395
82043.57464776956,26375.645819956615,418566.801253133,1246690.5666314391,1.091411274783379,1612325.9893950217,997449.7133678764,1079981.5698042193,1.005572399139404
336183.81158968713,133982.20907792856,1527169.0059584118,2885365.920197782,0.636236028801628,3428188.3890236057,2039380.463318091,2230800.887738468,0.9984344005584717
1145797.1935106681,374788.4459859705,910353.7838106612,1850729.465403877,0.7095018486016471,1875505.1158317327,1126892.4877239442,1259492.2218853815,0.9904135961532594
488747.08176403464,305539.3261087409,3731211.102008515,9302493.518798448,0.9135496113401977,10597139.447625462,6330633.588420864,6808002.008675215,0.982177984237671
1820989.3841734102,760058.6300351716,2121775.701080122,3668018.389707799,0.5473982349871722,3939364.853035129,2408810.468862728,2722348.5722792814,0.9740808048248294
272076.38387942105,240340.36111328233,3537377.51031772,12950751.184234392,1.297768156656554,15021023.211162047,11414280.400601257,7507892.221803963,0.9657036008834838
8952698.188491896,14070228.393787418,92310336.48332411,694059162.1737792,2.017401081822115,209010417.71874312,166556755.9023033,375281335.39151794,0.9576807918548585
57487.17298923193,290572.0991197158,884606.9314780544,860148.7711800537,-0.02803803709288566,3272.934867267453,1029028.0658208183,964514.9273045037,0.949696785926819
99027.9881027699,75439.16778523028,427998.4326178136,483895.85860085196,0.1227501819173984,175358.4698397942,778752.8525531895,572311.8388216032,0.9421736001968384
213785.07859384324,152990.00642031647,342352.54577039694,2262498.4272160223,1.8883839387182686,910248.8383643887,721246.7702013717,921196.2587012849,0.9344743919372558
86126.16091831235,83515.44803727354,535261.2075270517,3446547.0628642933,1.8623732913808073,1118601.4183073577,695836.4475650295,916039.04162975,0.926735589981079
4548.810900026417,3825.7698474332456,380022.4338840216,125074784.69481875,5.796436827431549,2176.119538935055,1564527.4156797717,2336934.1018829187,0.9188267993927003
798004.5290608339,257825.658310191,309066.05442530906,260570677.0395399,6.737074393969236,1017.8375590453738,734316.0215230817,861012.4662552506,0.9116812047958373
6895671.000228939,2891819.7058803523,45349829.13871375,17610489.74012844,-0.945911676476495,4586981.970309955,5113481.797328627,16184503.320414223,0.9056592035293578
1360586.6082375576,2368063.211683534,23291445.70057578,3637461.910274865,-1.8567999948052165,10180410.6203208,5089717.150454527,13930465.925972892,0.9002059993743895
27268.775068089923,7809.588974258593,33334.91290538115,2312387.190567828,4.239430402380547,1016452.7165706404,61558.72354836657,905207.1022686914,0.8944087953567506
12557.057119069366,19215.62496862229,234846.38687746887,442370.991755536,0.6332172503403761,610060.8664153393,323629.5148403087,311029.3325757427,0.8875011949539185
21432.267277711817,4309.621221551178,78095.83073658595,105824.34189542875,0.30384389582082605,330141.3280566903,131937.67103176826,131449.70931269517,0.8802836093902586
21222.027125360502,6711.641926910715,274064.7135144059,138491.4208241079,-0.6825558790107031,587522.6234468891,342981.45072454104,293763.3021761154,0.8735372076034548
22893.38150788682,16113.375342822961,246422.44296262698,130893.06741363353,-0.6326666003851376,559595.1050020356,240743.71902050122,201957.4293639356,0.8663987951278687
17971.129405344465,5391.795789676419,11581.885348895994,9759.336515726902,-0.17121785150969515,27947.22727802914,16181.212169304727,12713.711799550796,0.8594251918792724
7511.545392274348,3383.3129466790524,154454.38289220707,147273.7758408349,-0.04760552107032012,429652.80803456757,237063.04068967953,201442.7166206648,0.8528832073211671
4241.753550578748,3115.7556206342338,27904.218143033027,9669.234045873458,-1.0598287683134764,96575.24904927051,48788.6555444701,35213.77463868475,0.8462387924194337
6281.018118652119,3421.4766860785894,27034.251377922497,10995.78344944619,-0.8995927550681664,87242.34201991025,52016.53673387604,37900.67865057286,0.8389084072113038
8746.048660026521,9500.640780465521,63029.805818581226,50434.48198900824,-0.22293261515179985,115948.65658517851,69089.06714362121,60395.54437049603,0.831861199378967
27312.644913425916,6349.855187011895,71468.32351575854,69689.53406480193,-0.025204174180235128,155790.99809475587,92385.82397488086,83195.9933197768,0.8245251998901368
4407.54406432941,2025.2330917961417,25481.558332615354,21076.777750856818,-0.18978313401415825,48840.75229482955,29028.494670286665,24563.434978043697,0.8171876039505005
6125.858987788934,3664.4434546623656,28279.138192228624,21557.57277977691,-0.271397206540513,82966.03132532779,51419.45189490207,38649.95952350073,0.809920002937317
10695.06881904695,4735.910151741441,43084.75806902159,25305.70489677099,-0.532139433168421,90338.70723925506,57231.56818586181,41479.069334765736,0.8028200006484987
13176.581682240323,5713.882865710336,48312.1704575109,28097.0616818543,-0.5420185008734606,131344.70458400424,73759.02934200874,61203.59355506986,0.7955559940338133
40819.69405124551,15099.636765869345,62372.35258955413,51442.06848078832,-0.1926658190720758,113857.60670438818,65690.80717720638,55180.31705059965,0.788717203140259
7312.217125952671,14606.238695232854,60435.781776426345,47496.68099127049,-0.2409215083187881,102549.08277565967,59156.415631216296,49518.156958526364,0.7819540023803713
2045.9806466345606,2818.6857054301595,215103.82183838653,171296.5938326163,-0.22772428293478875,862356.5346484436,533556.0626416525,434693.0917115728,0.7752863998413084
22366.283014556422,13984.812956779311,305355.66405849543,326013.8040368422,0.06546251524702917,678111.7279656865,399472.5736060536,364730.7289263881,0.7682739992141725
30068.99441166444,27499.18533534546,446293.72718653164,540256.2087313348,0.19106617126465508,1278738.7208044624,703335.0659564834,650708.6954790232,0.7615792016983032
20656.904772521426,16915.05530785785,21862.370348361488,141421.5015873338,1.8669778940406907,127946.3093974691,87881.65349249524,51670.04974697897,0.7545696048736574
54818.20551586984,25982.59006945194,33793.82680166386,31348.813229748604,-0.07510173595240843,116284.06637581086,86198.1310206702,71678.4343769689,0.7495931978225707
9570.048526835175,5669.260912165164,120762.77173999764,63408.09340156886,-0.6442365475708556,425687.72988436825,247331.3983100858,191829.9752368204,0.7439340085983277
14618.381737765661,11078.066555826772,112269.4077185016,166071.14858742966,0.3915148935327366,307897.7912605081,141883.83116697503,116833.5831303519,0.7379723882675169
10151.277603858736,6909.318962667908,98008.88736456193,182277.0219326478,0.6204694664377222,124562.77583776227,55816.500063323765,31226.769609132258,0.7320060033798219
4680.22935084175,2914.1725646953714,42353.40706841407,48771.900313717066,0.14110546565162885,38631.757369312014,18932.238066143644,7895.606991886925,0.7261252031326295
9688.048783710725,13165.437592141672,22384.51570225125,298122.8383841747,2.58913615437692,24827.71826196955,20739.071118739994,40152.9752208678,0.7203708047866821
14145.826255378906,7999.607473356014,18287.287595482685,94569.15951213965,1.6431252619783603,18969.00946421324,12033.781421737676,15151.74104403925,0.7148779964447023
31117.799852362255,8913.420417529998,19316.97907429841,74121.55592517319,1.344721939226753,15024.99416107107,9983.847608800288,10917.83574217095,0.7096699914932252
5955.982522482373,3660.3263722296324,23054.434982924708,77099.20959241287,1.2072348707936449,12936.663808620353,10822.113132433864,12102.895027861277,0.7039879961013793
1224.9893383523731,4081.124085089473,26415.471978076366,16751.544922768673,-0.4554594100488014,20261.173393209352,8749.14475583061,3715.226585631275,0.6983443880081177
3544.0054627281106,1721.0538861770551,13798.533395085462,34279.96729281734,0.9099988288131282,7605.893274664989,4652.117356795221,3138.556790789408,0.6929804124832155
3833.130841314682,4405.725517564458,13325.230182473417,125192.33069921656,2.2401919560082817,11471.351430320612,11225.435396223274,17767.65924499941,0.6876787881851198
3782.043494460923,2803.2641125199507,13968.427797975868,132426.95762147987,2.249231604558977,16556.04829149965,10608.58549885855,16553.118326993717,0.682627607345581
5650.271011188669,5206.71019533315,37860.47138716505,277713.8615677648,1.9926837121866914,11260.65036477606,4729.77354982719,16318.138261383097,0.6778827962875367
622.7880977497513,852.9807087786298,12706.12386604441,15754.528135086011,0.21504375316846414,9002.88392784433,3884.4253789776517,3868.1523109060163,0.6736499919891359
9384.693712507826,2905.010697818388,28326.632413045805,24386.748839848093,-0.14976253233839287,21133.55450657877,13692.077010573366,8685.864091971103,0.6705007982254028
4690.796262522024,9810.10295948809,17201.595576511838,246278.10238175708,2.661459249294378,20028.396970834663,16904.033938617664,32327.659458881124,0.667406000137329
1792.1122775958156,8787.855129516565,30827.57046530489,115308.83438784376,1.3192046106692157,25495.64467865967,15612.084535598253,15555.051939577952,0.664325601577759
13378.966762421664,8944.155000176279,28401.204169359626,169120.74241086503,1.7841813673607891,27451.523385091892,20022.354644435705,21540.895924981403,0.6612603988647461
7984.026879958486,4460.431578999864,34459.79644655447,107168.01474719463,1.134604510085948,30071.888828066272,19765.93681778956,13782.0490492006,0.6578544092178347
12998.341829762188,6441.4878308849475,22770.379800996772,314836.2789889824,2.62659219464523,31130.786573407982,47682.43177613408,46040.10948987495,0.654554009437561
22696.33005540198,7212.793256704607,27969.073438330866,25553.306375141317,-0.09033266337751478,21391.112536218374,12849.898730985136,7828.4804952099885,0.6507931900024415
6747.363134605666,4348.600582153541,23603.037907240177,149483.96259651674,1.8458136848439803,14143.050449260501,9515.31828904384,12645.008620888631,0.6468732032775879
6349.531200619513,2318.6208842356014,10950.217332233111,70175.92018724546,1.8576459311533373,4668.284758996499,2421.1613997268237,4437.714967730271,0.6428424015045167
8843.478465642187,4659.135522012224,12579.763762267088,124081.91856887659,2.2888525088400904,5003.383683874568,5638.60263530659,8482.377239820471,0.6389839954376222
4617.192814608714,4505.266511035185,34866.56851258522,54797.5519890401,0.45211707339107754,116735.3712677969,100344.12969607022,57817.128330629435,0.6345287961959838
28928.160268919666,9406.276070230519,156346.61819434317,469485.11460544623,1.0995611394081983,74381.06747552562,92596.52903966178,97826.75608621204,0.6305728044509888
22808.46597684712,13567.655601242042,270414.4260180198,1328362.736799962,1.5917467445156213,38422.701492362336,38236.75529101008,45071.236535098105,0.6260332012176515
20443.236803254455,14499.777170877782,333568.5955035565,1794423.2844542456,1.6825904314255027,23892.758464824663,15472.850846681784,31600.780669779335,0.6214963979721069
26527.079267205107,11135.922637206484,244459.78084295103,808680.7969045497,1.1963534743300883,152775.17092180304,76080.45441830765,113279.8964004261,0.6167291975021363
781383.6835668151,328285.21818406996,225262.61231053338,470723.62232557114,0.7370042452500805,121248.55762788576,136711.94601881798,503257.52785061405,0.6124387826919557
67684.32013938684,20805.24418514655,379277.3925305328,157836.65286009983,-0.8767071881970949,222400.92309432515,793178.770742934,153008.96406508138,0.6078003997802734
631905.9556184532,264630.5471429018,410348.36438946956,101664.57630179141,-1.39532754141438,154935.64250710828,207595.1359776575,126595.95457225223,0.603443603515625
971982.9131096135,80285.09052061585,123731.07366340296,350213.52795922314,1.0404325986852676,307478.44997968443,242777.36724984,127645.00352172679,0.599606795310974
1453607.5967411047,267990.7984290997,816624.3844019554,337219.95245441335,-0.8844438439715869,469385.02937606594,540434.0192288636,515125.55815258645,0.596724018096924
43437583.22422137,15862219.117454914,21464957.936420232,11197942.352423482,-0.6506916991498137,10594781.317949882,19373283.919760566,19422279.65713834,0.5949560146331789
298210.71740321023,296173.25979887357,2131543.5554479333,2144201.125786304,0.005920656286589221,2719820.3865600615,2520468.0846704706,1334848.7832163004,0.593324001312256
597080947.9837818,26204381.483316902,151008648.5491758,130367058.58994964,-0.146983110930897,135018779.15102702,267213025.5746513,85885429.12616906,0.5909391946792604
9337004.313238379,4017491.3468911937,0.16398037769156365,1489302.4488155942,16.021826858701115,551940.1036620913,71179.34614664549,0.12887641350993287,0.5879547796249391
1e-08,1e-08,1e-08,1e-08,0.0,288665.9781932405,1e-08,1e-08,0.5838083944320678
1e-08,1e-08,1e-08,1e-08,0.0,888434.0857481973,1e-08,1e-08,0.5799791927337647
1e-08,1e-08,1e-08,1e-08,0.0,3821795.6028526463,1e-08,1e-08,0.5761988096237181
1e-08,1e-08,1e-08,1e-08,0.0,819118726.5423415,1e-08,1e-08,0.5722868089675903
25253.8650637358,27992.74740622049,13922.951144670582,27531.288698153126,0.6817844887881037,286696517.3833017,14000.820170789542,13938.031249427317,0.5686340055465697
6032165895.306243,4802244239.219351,939538778.1382537,8256287485.290529,2.1733412151971088,6167097047.371244,733482432.336702,733469579.9944336,0.5668616037368777
20238122.095144656,5960703.5992448125,13091693.230333444,183673557.5263192,2.6411821135500446,180287894.4872959,13117447.644368565,13107373.95113986,0.5675179958343506
1721513.4321547144,466862.3864550913,344161.76077723515,337467.09420448274,-0.019643774759298793,4637421.388369765,342325.6119240745,339199.41328927805,0.5704960165023802
3.0417611788635828,0.8615700448922208,0.22424197493777887,0.057831074357477655,-1.3551993358905157,475690.54005158716,2.585285318096458,0.07633165252852678,0.5744372091293335
692349.431005788,136708.20885940397,109314.13853303509,98300.4486541474,-0.10619715083090853,231095.04929439508,104760.71392095537,101888.86372274336,0.5805604000091553
676752.221155412,240606.8769274435,149364.4065249043,150327.73958227958,0.006428839646044793,150040.5077660207,149535.68119133002,149465.24850495133,0.584243203163147
541025.975568382,609023.7428894417,166243.61840603166,167674.04261668655,0.008567578942050957,166595.7982413613,166365.58221634704,166280.95540020964,0.5855951862335207
615399.3874458732,283344.11027321167,138747.736940868,139816.79301427104,0.007675502132602929,139055.71305351818,138846.19007444664,138814.34560279647,0.5831412010192869
771605.6744308529,200167.86070069612,26628.89353591219,26739.53436695997,0.004146308741164617,27111.421974523742,26652.20910994282,26638.264475181502,0.5793300008773805
352184.02477878646,429471.3005063619,426393.05779235094,427338.8311905457,0.0022156224859308793,427164.4044068997,426683.51232980366,426572.1934902874,0.5752088050842286
285110.5674714768,121722.608370514,33352.923813779766,33381.33119185068,0.0008513582652369678,33613.497412710116,33369.65257614874,33352.549376314026,0.5712912073135374
252569.9151353774,248850.14267202956,511599.3992992896,511710.0548746127,0.00021627001549440195,513652.1581392418,511941.9918724749,511657.61384994246,0.5668248109817506
601362.3050034682,489911.5451868968,374877.70005509944,375428.71857189055,0.0014687828923545254,374081.7944468269,375098.03517266805,374981.0452112581,0.5628835954666136
289379.90982547303,118363.4742985134,111256.89686961095,111410.54004968796,0.001380024008780012,111568.52676956297,111361.25203190543,111291.1780551355,0.5590524110794068
133673.79521593102,427156.7976467941,274631.93686541606,274973.56116773764,0.0012431620409216748,276536.3656235734,274832.3043001224,274708.24106140976,0.5558872022628782
43581.541371541796,116250.09911637704,63199.44051050497,63260.75870103485,0.0009697627509321904,63356.01306552216,63208.346027538806,63193.358427118495,0.5506980056762694
365852.9560139964,111463.66358517022,148527.6903189719,148781.92218046624,0.0017102166413156539,148434.01106077232,148691.56439711462,148574.50931851976,0.545397603034973
242062.69727183727,110676.82671368074,42147.085803785405,42197.204817136844,0.0011884389300416132,42301.98230910998,42187.06968712031,42175.77894894893,0.5403476095199586
494081.1854833099,131160.14999251196,63579.99434570718,63684.52122314143,0.0016426715722204221,63435.812293204624,63658.0051805136,63605.885325488154,0.5354880027770994
